<?xml version="1.0" encoding="UTF-8"?>
<project-private xmlns="http://www.netbeans.org/ns/project-private/1">
    <editor-bookmarks xmlns="http://www.netbeans.org/ns/editor-bookmarks/2" lastBookmarkId="0"/>
    <open-files xmlns="http://www.netbeans.org/ns/projectui-open-files/2">
        <group>
            <file>file:/G:/a201444034/SW%20프로젝트/Kiosk_System/src/DBConnection.java</file>
            <file>file:/G:/a201444034/SW%20프로젝트/Kiosk_System/src/Test.java</file>
            <file>file:/G:/a201444034/SW%20프로젝트/Kiosk_System/src/MainFrame.java</file>
            <file>file:/G:/a201444034/SW%20프로젝트/Kiosk_System/src/Frame_Manager.java</file>
        </group>
    </open-files>
</project-private>
